,trial,time_DV
0,1,0.02210688591003418
1,1,0.1108400821685791
2,2,7.867813110351562e-06
3,2,0.12089204788208008
