,trial,time_DV
0,1,0.005908012390136719
1,1,0.08406686782836914
2,2,1.0013580322265625e-05
3,2,0.07051515579223633
