,trial,time_DV
0,1,0.02384805679321289
1,1,0.049479007720947266
2,2,1.1920928955078125e-05
3,2,0.024682998657226562
