,color_red,color_green,word_red,word_green,task_color,verbal_red,verbal_green
0,0.5,0.0,0.0,0.75,0.75,0.7085669636726379,0.2914330065250397
1,1.0,0.5,0.75,0.5,0.5,0.6834768652915955,0.31652316451072693
2,0.0,0.25,0.75,0.0,0.75,0.41862770915031433,0.5813722610473633
3,1.0,0.75,0.75,0.75,0.25,0.5368963479995728,0.46310368180274963
4,0.75,0.75,0.75,0.75,0.25,0.5,0.5
5,1.0,1.0,0.75,1.0,0.0,0.48473966121673584,0.5152603387832642
6,0.75,0.75,0.5,0.25,0.25,0.5152603387832642,0.48473966121673584
7,0.0,0.0,0.25,1.0,0.75,0.43078887462615967,0.5692111253738403
8,0.75,0.25,1.0,0.75,0.75,0.7734907865524292,0.226509228348732
9,0.5,0.25,0.0,1.0,0.5,0.461208701133728,0.538791298866272
10,0.0,0.5,0.75,0.25,0.5,0.36268725991249084,0.6373127698898315
11,0.75,1.0,0.75,1.0,0.0,0.47015947103500366,0.5298405289649963
12,0.75,1.0,0.5,0.5,0.0,0.4853931963443756,0.514606773853302
13,0.0,0.0,1.0,0.25,1.0,0.5692111253738403,0.43078887462615967
14,0.75,0.5,1.0,1.0,0.5,0.5831374526023865,0.4168625771999359
15,0.0,0.25,1.0,0.5,0.75,0.38650527596473694,0.6134947538375854
16,0.0,0.5,1.0,0.75,0.5,0.34351348876953125,0.6564865112304688
17,0.0,0.75,0.75,0.5,0.25,0.36988523602485657,0.630114734172821
18,0.0,0.75,1.0,1.0,0.25,0.35577043890953064,0.644229531288147
19,0.0,1.0,0.75,0.75,0.0,0.38881149888038635,0.611188530921936
