,trial,source_voltage,current0
0,1,0,0.0
1,2,700,0.0
2,3,1400,0.000171
3,4,2099,0.173763
4,5,2800,0.500686
5,6,3500,0.840831
